Book Id,Title,Author,Author l-f,Additional Authors,ISBN,ISBN13,My Rating,Average Rating,Publisher,Binding,Number of Pages,Year Published,Original Publication Year,Date Read,Date Added,Bookshelves,Bookshelves with positions,Exclusive Shelf,My Review,Spoiler,Private Notes,Read Count,Owned Copies,Author Gender
221786756,Yetişkinler,Marie Aubert,"Aubert, Marie",Ayşe Erbulak,"=""6259938683""","=""9786259938684""",4,3.55,Yan Pasaj,Paperback,128,2024.0,2019.0,2025/02/23,2025/02/19,,,read,,,,1,0,F
195761205,Benzersiz Kızım,Guadalupe Nettel,"Nettel, Guadalupe",Ayşe Nihal Akbulut,"=""6259995474""","=""9786259995472""",4,4.13,Livera Yayınevi,Paperback,192,2023.0,2020.0,2025/03/01,2025/02/24,,,read,,,,1,0,F
222782269,Lanny,Max Porter,"Porter, Max",Pınar Umman,"=""6057200977""","=""9786057200976""",0,4.05,Monokl Yayınları,Paperback,208,2024.0,2019.0,,2025/03/02,currently-reading,currently-reading (#1),currently-reading,,,,1,0,M
219242964,Peygamberin Şarkısı,Paul    Lynch,"Lynch, Paul",Mert Doğruer,"=""6256084020""","=""9786256084025""",4,4.06,Delidolu Yayınları,Paperback,240,2024.0,2023.0,2025/02/19,2025/01/29,,,read,,,,1,0,M
13353046,Perili Köşk,Ömer Seyfettin,"Seyfettin, Ömer",,"=""""","=""""",0,3.63,,Paperback,111,,1920.0,2010/01/01,2025/02/13,,,read,,,,1,0,M
40806294,Portobello Cadısı,Paulo Coelho,"Coelho, Paulo",Celâl Üster,"=""9750730127""","=""9789750730122""",0,3.56,Can Yayınları,Paperback,272,2018.0,2006.0,2010/01/01,2025/02/13,,,read,,,,1,0,M
25742426,Kuyu ve Sarkaç,Edgar Allan Poe,"Poe, Edgar Allan",,"=""9750722205""","=""9789750722202""",0,4.15,Can Yayınları,Paperback,256,2014.0,1842.0,2019/09/01,2025/02/13,,,read,,,,1,0,M
213805482,Dip Akıntıları,Kirsty Bell,"Bell, Kirsty",Yasemin Çongar,"=""6057260171""","=""9786057260178""",4,4.02,Siren Yayınları,Paperback,296,2024.0,2022.0,2025/02/07,2025/01/29,,,read,,,,1,0,F
219293913,Ağustos Mavisi,Deborah Levy,"Levy, Deborah",Aslı Anar,"=""6253692488""","=""9786253692483""",4,3.66,Everest Yayınları,Paperback,192,2024.0,2023.0,2025/02/11,2025/02/07,,,read,,,,1,0,F
209587014,Genç Adam,Annie Ernaux,"Ernaux, Annie",Siren İdemen,"=""9750763106""","=""9789750763106""",4,3.59,Can Yayınları,Paperback,48,2024.0,2022.0,2025/01/30,2025/01/29,,,read,,,,1,0,F
202012077,Kızın Hikâyesi,Annie Ernaux,"Ernaux, Annie",Siren İdemen,"=""9750762274""","=""9789750762277""",4,3.89,Can Yayınları,Paperback,152,2023.0,2016.0,2025/01/30,2025/01/26,,,read,,,,1,0,F
56060276,Bütün Günlerin Akşamı,Jenny Erpenbeck,"Erpenbeck, Jenny",Regaip Minareci,"=""9750747771""","=""9789750747779""",0,3.75,Can Yayınları,Paperback,272,2020.0,2012.0,,2025/01/29,to-read,to-read (#2),to-read,,,,0,0,F
23642646,Kafamda Bir Tuhaflık,Orhan Pamuk,"Pamuk, Orhan",,"=""""","=""""",5,4.15,Yapı Kredi Yayınları,Paperback,480,2014.0,2014.0,2020/04/01,2025/01/14,,,read,,,,1,0,M
31146477,4 Hane 1 Teslim,Eyüp Aygün Tayşir,"Tayşir, Eyüp Aygün",,"=""9750519973""","=""9789750519970""",4,4.23,İletişim Yayıncılık,Paperback,404,2016.0,2016.0,2020/07/01,2025/01/14,,,read,,,,1,0,M
43223463,Madenci,Natsume Sōseki,"Sōseki, Natsume",Sinan Ceylan,"=""""","=""9786056840562""",4,3.95,Jaguar Kitap,Paperback,216,2018.0,1908.0,2020/10/01,2024/12/07,,,read,,,,1,0,M
16167118,Gurur ve Önyargı,Jane Austen,"Austen, Jane",Hamdi Koç,"=""9754587027""","=""9789754587029""",5,4.29,İş Bankası Kültür Yayınları,Paperback,424,2006.0,1813.0,2020/11/01,2024/12/07,,,read,,,,1,0,F
58478790,Bir Katilin Güncesi,Young-ha Kim,"Kim, Young-ha","Özlem Gökçe, Açelya Yavuz","=""605083914X""","=""9786050839142""",4,3.73,Timaş Yayınları,Paperback,144,2021.0,2019.0,2022/03/01,2024/12/07,,,read,,,,1,0,M
34816427,Yengeler Cumhuriyeti,Mustafa Çiftci,"Çiftci, Mustafa",Tanıl Bora,"=""9750521714""","=""9789750521713""",4,3.8,İletişim Yayıncılık ,Paperback,182,2017.0,2017.0,2021/03/01,2024/12/07,,,read,,,,1,0,M
13634667,Milena'ya Mektuplar,Franz Kafka,"Kafka, Franz",Esen Tezel,"=""9750711106""","=""9789750711107""",5,3.91,Can Yayınları,Paperback,400,2009.0,1952.0,2021/03/01,2024/12/07,,,read,,,,1,0,M
6850768,Huzur,Ahmet Hamdi Tanpınar,"Tanpınar, Ahmet Hamdi",,"=""""","=""9789759952471""",5,4.26,Dergâh Yayınları,Paperback,424,2014.0,1949.0,2021/08/01,2024/12/07,,,read,,,,1,0,M
27215295,Nasipse Adayız,Ercan Kesal,"Kesal, Ercan",,"=""9750518446""","=""9789750518447""",4,3.75,İletişim Yayıncılık,Paperback,194,2015.0,2015.0,2021/10/01,2024/12/07,,,read,,,,1,0,M
18196302,Uykusuzluk,Henry Miller,"Miller, Henry",Haluk Erdemol,"=""605590425X""","=""9786055904258""",5,3.6,Notos Kitap,Hardcover,53,2010.0,1964.0,2021/08/01,2024/12/07,,,read,,,,1,0,M
6068847,Eylül,Mehmet Rauf,"Rauf, Mehmet",,"=""""","=""""",5,3.53,Beyaz Balina Yayınları,Paperback,289,2005.0,1901.0,2021/10/01,2024/12/07,,,read,,,,1,0,M
57875008,Emanet Çocuk,Claire Keegan,"Keegan, Claire",Behlül Dündar,"=""6257027144""","=""9786257027144""",5,4.32,Jaguar,Paperback,80,2021.0,2010.0,2022/06/01,2024/12/07,,,read,,,,1,0,F
61267044,Bu Hikâye Senden Uzun Osman,Aylin Balboa,"Balboa, Aylin",,"=""9750533321""","=""9789750533327""",5,4.14,İletişim Yayınları,Paperback,129,2022.0,,2022/11/01,2024/12/07,,,read,,,,1,0,F
16039471,Tanrıyı Gören Köpek,Dino Buzzati,"Buzzati, Dino",Rekin Teksoy,"=""9755103627""","=""9789755103624""",4,4.14,Can Yayınları,Paperback,152,1992.0,1968.0,2022/11/01,2024/12/07,,,read,,,,1,0,M
27296443,İnsanlığımı Yitirirken,Osamu Dazai,"Dazai, Osamu",Hüseyin Can Erkin,"=""6056550508""","=""9786056550508""",4,3.97,Japon Yayınları,Paperback,116,2015.0,1948.0,2022/11/01,2024/12/07,,,read,,,,1,0,M
62340538,Son Emel,Mehmet Rauf,"Rauf, Mehmet",,"=""9750757483""","=""9789750757488""",5,3.75,Can Yayınları,Paperback,152,2022.0,,2022/12/01,2024/12/07,,,read,,,,1,0,M
57372252,Kurtarma Mesafesi,Samanta Schweblin,"Schweblin, Samanta",Emre İmre,"=""975074764X""","=""9789750747649""",5,3.72,Can Yayınları,Paperback,104,2021.0,2014.0,2022/12/01,2024/12/07,,,read,,,,1,0,F
62976020,Böyle Küçük Şeyler,Claire Keegan,"Keegan, Claire",Umay Öze,"=""""","=""""",5,4.15,Jaguar Kitap,Paperback,88,2022.0,2021.0,2023/01/30,2023/06/07,,,read,,,,1,0,F
44091036,Karanfil ve Yasemin,Mehmet Rauf,"Rauf, Mehmet",,"=""""","=""""",5,4.12,İnkilap Kitapevi,Paperback,350,,,2023/01/30,2023/06/07,,,read,,,,1,0,M
38819176,Naif. Süper,Erlend Loe,"Loe, Erlend",Dilek Başak,"=""6055903717""","=""9786055903718""",5,3.86,Siren Yayınları,Paperback,216,2018.0,1996.0,2023/01/30,2023/06/07,,,read,,,,1,0,M
23207127,Belki Bir Gün Uçarız,Aylin Balboa,"Balboa, Aylin",,"=""975051615X""","=""9789750516153""",5,3.94,İletişim Yayınları,Paperback,148,2014.0,2014.0,2023/03/30,2023/06/07,,,read,,,,1,0,F
7871499,Franny ve Zooey,J.D. Salinger,"Salinger, J.D.",Ömer Madra,"=""""","=""""",3,3.96,Yapı Kredi Yayınları,Paperback,152,2005.0,1957.0,2023/03/30,2023/06/07,,,read,,,,1,0,M
28371803,Yalnızlar İçin Çok Özel Bir Hizmet,Murat Gülsoy,"Gülsoy, Murat",,"=""9750729986""","=""9789750729980""",5,3.6,Can Yayınları,Paperback,208,2016.0,2016.0,2023/03/30,2023/06/07,,,read,,,,1,0,M
64666209,Olduğum Yer,Jhumpa Lahiri,"Lahiri, Jhumpa",Eren Yücesan Cendey,"=""6051982566""","=""9786051982564""",5,3.76,Domingo Yayınevi,Paperback,155,2022.0,2018.0,2023/04/30,2023/06/07,,,read,,,,1,0,F
17875076,Katalin Sokağı,Magda Szabó,"Szabó, Magda",Tarık Demirkan,"=""9750817044""","=""9789750817045""",5,4.13,Yapı Kredi Yayınları,Paperback,214,2009.0,1969.0,2023/04/30,2023/06/07,,,read,,,,1,0,F
40936153,Unutma Beni Apartmanı,Nermin Yıldırım,"Yıldırım, Nermin",,"=""6051920846""","=""9786051920849""",5,3.94,Hep Kitap,Paperback,424,2017.0,2011.0,2023/07/31,2025/01/25,,,read,,,,1,0,F
48586711,Kasiyer,Sayaka Murata,"Murata, Sayaka",Hüseyin Can Erkin,"=""""","=""9786057717313""",4,3.68,Turkuvaz Kitap,Paperback,126,2019.0,2016.0,2023/07/21,2023/07/21,,,read,,,,1,0,F
34005033,Kıymetli Şeylerin Tanzimi,Sezen Ünlüönen,"Ünlüönen, Sezen",,"=""9750521390""","=""9789750521393""",5,3.92,İletişim Yayınları,Paperback,248,2017.0,,2023/07/14,2023/06/12,,,read,,,,1,0,F
40670880,Bildiğimiz Dünyanın Sonu,Erlend Loe,"Loe, Erlend",Dilek Başak,"=""9750842596""","=""9789750842597""",4,3.67,Yapı Kredi Yayınları,Paperback,224,2018.0,2015.0,2023/07/07,2023/07/07,,,read,,,,1,0,M
57215650,"Volvo Kamyonlar (Doppler, #2)",Erlend Loe,"Loe, Erlend",Dilek Başak,"=""9750849221""","=""9789750849220""",4,3.58,Yapı Kredi Yayınları,Paperback,160,2021.0,2005.0,2023/06/30,2023/06/27,,,read,,,,1,0,M
8566535,Malina,Ingeborg Bachmann,"Bachmann, Ingeborg",Ahmet Cemal,"=""975080810X""","=""9789750808104""",3,4.04,Yapı Kredi Yayınları,Paperback,303,2009.0,1971.0,2023/06/27,2023/06/07,,,read,,,,1,0,F
52999057,Sarı Duvar Kağıdı,Charlotte Perkins Gilman,"Gilman, Charlotte Perkins",Sevda Deniz Karali,"=""6057762304""","=""9786057762306""",5,4.08,İthaki Yayınları ,Paperback,72,2019.0,1892.0,2023/06/05,2023/06/07,,,read,,,,1,0,F
34063376,Arafta,George Saunders,"Saunders, George",Niran Elçi,"=""6055060841""","=""9786055060848""",4,3.75,Delidolu Yayınları,Paperback,456,2017.0,2017.0,2023/06/05,2023/06/07,,,read,,,,1,0,M
28574132,"Doppler (Doppler, #1)",Erlend Loe,"Loe, Erlend",Dilek Başak,"=""9750835298""","=""9789750835292""",4,3.9,Yapı Kredi Yayınları,Paperback,124,2016.0,2004.0,2023/05/30,2023/06/07,,,read,,,,1,0,M
126606828,Olay,Annie Ernaux,"Ernaux, Annie",Siren İdemen,"=""9750760581""","=""9789750760587""",5,4.31,Can Yayınları,Paperback,77,2023.0,2000.0,2023/06/15,2023/06/12,,,read,,,,1,0,F
124945702,Anarsist Banker ve Seytanin Saati,Fernando Pessoa,"Pessoa, Fernando",,"=""6258129234""","=""9786258129236""",3,3.86,Sia Kitap,Paperback,80,2022.0,2013.0,2023/11/13,2023/11/13,,,read,,,,1,0,M
59591098,Göçebeler Diyarı: Yirmi Birinci Yüzyılda Amerika’da Hayatta Kalmak,Jessica Bruder,"Bruder, Jessica",Burcu Denizci,"=""6258475353""","=""9786258475357""",4,4.03,İthaki Yayınları,Paperback,272,2021.0,2017.0,2023/10/06,2023/10/06,,,read,,,,1,0,F
60194342,Zorba,Nikos Kazancakis,"Kazancakis, Nikos",,"=""9789750722""","=""""",4,4.04,Can Yayınları,Paperback,348,2015.0,1946.0,2023/09/30,2023/10/06,,,read,,,,1,0,M
75698424,Sokço'da Kış,Elisa Shua Dusapin,"Dusapin, Elisa Shua",Canan Özatalay,"=""9750759583""","=""9789750759581""",5,3.55,Can Yayınları,Paperback,112,2023.0,2016.0,2023/08/24,2023/08/24,,,read,,,,1,0,F
42196424,Misafir,Nermin Yıldırım,"Yıldırım, Nermin",,"=""6051922458""","=""9786051922454""",5,4.15,Hep Kitap,Paperback,332,2018.0,2018.0,2023/09/01,2023/09/01,,,read,,,,1,0,F
136289328,Büyük Ev,Álvaro Cepeda Samudio,"Samudio, Álvaro Cepeda",Süleyman Doğru,"=""6052651385""","=""9786052651384""",3,3.65,İthaki Yayınları,Paperback,112,2023.0,1962.0,2023/09/13,2023/09/13,,,read,,,,1,0,M
36422784,Kadınların Nesi Var?,Jacky Fleming,"Fleming, Jacky",Mavisu Kahya,"=""6055678578""","=""9786055678579""",5,4.26,Desen Yayınları,Hardcover,124,2017.0,2016.0,2023/10/06,2023/10/06,,,read,,,,1,0,F
195579901,Koloni,Audrey Magee,"Magee, Audrey",Niran Elçi,"=""6257314879""","=""9786257314879""",5,4.11,Delidolu,Paperback,336,2023.0,2022.0,2023/10/11,2023/10/08,,,read,,,,1,0,F
22041020,Doğa Tarihi,Hakan Bıçakcı,"Bıçakcı, Hakan",,"=""9750515358""","=""9789750515354""",4,3.03,İletişim Yayınları,Paperback,227,2014.0,2014.0,2023/11/18,2023/11/13,,,read,,,,1,0,M
42759176,Sekiz Dağ,Paolo Cognetti,"Cognetti, Paolo",Yelda Gürlek,"=""""","=""9786054820740""",4,4.11,Kafka Kitap,Paperback,256,2018.0,2016.0,2023/11/27,2023/11/27,,,read,,,,1,0,M
18112791,Papazın Kızı,George Orwell,"Orwell, George",Niran Elçi,"=""""","=""9789752730403""",4,3.54,İthaki Yayınları,Paperback,333,2004.0,1935.0,2023/12/03,2023/12/04,,,read,,,,1,0,M
33545325,Vejetaryen,Han Kang,"Kang, Han",S. Göksel Türközü,"=""6055162784""","=""9786055162788""",4,3.63,April Yayıncılık,Paperback,160,2017.0,2007.0,2023/11/09,2023/11/09,,,read,,,,1,0,F
27798767,Mürebbiye,Hüseyin Rahmi Gürpınar,"Gürpınar, Hüseyin Rahmi",,"=""9752895026""","=""9789752895027""",4,3.75,Everest Yayınları,Paperback,192,2011.0,1899.0,2023/12/13,2023/12/13,,,read,,,,1,0,M
196251172,Hatırlıyorum,Georges Perec,"Perec, Georges",Ayberk Erkay,"=""6253690167""","=""9786253690168""",3,3.52,Everest Yayınları,Paperback,136,2023.0,1978.0,2023/12/07,2023/12/05,,,read,,,,1,0,M
12023159,Uğultulu Tepeler,Emily Brontë,"Brontë, Emily",İhsan Özdemir,"=""""","=""9799756870432""",3,3.9,Antik Yayınları,Paperback,429,2006.0,1847.0,2023/12/29,2023/12/29,,,read,,,,1,0,F
26535513,Storytelling with Data: A Data Visualization Guide for Business Professionals,Cole Nussbaumer Knaflic,"Knaflic, Cole Nussbaumer",,"=""1119002257""","=""9781119002253""",4,4.39,Wiley,Paperback,288,2015.0,2015.0,2024/07/05,2024/06/01,,,read,,,,1,0,F
201043975,Mal Sayımı,Erlend Loe,"Loe, Erlend",Dilek Başak,"=""9750859219""","=""9789750859212""",4,3.5,Yapı Kredi Yayınları,Paperback,112,2023.0,2013.0,2024/07/06,2024/07/05,,,read,,,,1,0,M
60388059,Meyhanede Hanımlar,Hüseyin Rahmi Gürpınar,"Gürpınar, Hüseyin Rahmi",,"=""6254059037""","=""9786254059032""",4,3.75,Türkiye İş Bankası Kültür Yayınları,Paperback,48,2022.0,1924.0,2024/12/05,2024/12/03,,,read,,,,1,0,M
48751736,Kendini Kaybeden Adam,Erlom Akhvlediani,"Akhvlediani, Erlom","Erlom Ahvlediani, Yalçın Karadeniz","=""""","=""9786059203722""",4,3.34,Dedalus Kitap,Paperback,96,2019.0,2007.0,2024/12/03,2024/12/03,,,read,,,,1,0,M
62994031,Bir Kol Hikâyesi,Ricardo Sumalavia,"Sumalavia, Ricardo",Hazal Akbaş,"=""""","=""""",4,3.4,Holden Kitap,Paperback,85,2022.0,,2024/12/31,2024/12/30,,,read,,,,1,0,M
175759330,Kairos.,Jenny Erpenbeck,"Erpenbeck, Jenny",Regaip Minareci,"=""9750760980""","=""9789750760983""",5,3.38,Can Yayınları,Paperback,384,2023.0,2021.0,2025/01/14,2025/01/03,,,read,,,,1,0,F
1220467,Satranç,Stefan Zweig,"Zweig, Stefan",Ayça Sabuncuoğlu,"=""9755103554""","=""9789755103556""",5,4.27,Can Yayınları,Paperback,72,2013.0,1942.0,2025/01/17,2025/01/15,,,read,,,,1,0,M
209350670,Yalan Dolan,Veronica Raimo,"Raimo, Veronica",Eren Cendey,"=""6259446705""","=""9786259446707""",5,3.58,Medusa Yayınları,Paperback,167,2024.0,2022.0,2025/01/25,2025/01/21,,,read,,,,1,0,F
215072959,Köpeklere ve Duvarlara Dair,Yūko Tsushima,"Tsushima, Yūko",Barış Bayıksel,"=""9750763602""","=""9789750763601""",4,3.69,Can Yayınları,Paperback,64,2024.0,2018.0,2024/09/05,2024/09/02,,,read,,,,1,0,F
53126268,Çocuk Geliyor,Han Kang,"Kang, Han",S. Göksel Türközü,"=""6058108837""","=""9786058108837""",4,4.26,April Yayıncılık,Paperback,168,2019.0,2014.0,2025/01/21,2024/12/17,,,read,,,,1,0,F
43471192,Is Modeli Uretimi,Alexander Osterwalder,"Osterwalder, Alexander",,"=""6054538128""","=""9786054538126""",0,4.21,Optimist,Paperback,288,2017.0,2010.0,2021/12/01,2025/01/25,,,read,,,,1,0,M
13224427,Araba Sevdası,Recaizade Mahmut Ekrem,"Ekrem, Recaizade Mahmut",,"=""9756938560""","=""9789756938560""",0,3.34,Sis Yayıncılık,Paperback,186,2009.0,1898.0,2010/01/01,2025/01/25,,,read,,,,1,0,M
35749182,The Product Book: How to Become a Great Product Manager,Product School,"School, Product",,"=""0998973815""","=""9780998973814""",0,4.1,Product School,Paperback,220,2017.0,,2022/05/01,2025/01/25,,,read,,,,1,0,M
8696793,"Harry Potter ve Felsefe Taşı (Harry Potter, #1)",J.K. Rowling,"Rowling, J.K.",Ülkü Tamer,"=""""","=""""",0,4.47,Yapı Kredi Yayınları,Paperback,353,2001.0,1997.0,2010/01/01,2025/01/15,,,read,,,,1,0,F
39331798,Fahrenheit 451,Ray Bradbury,"Bradbury, Ray",Dost Körpe,"=""6053757810""","=""9786053757818""",0,3.97,İthaki Yayınları,Paperback,208,2018.0,1953.0,2019/06/01,2025/01/15,,,read,,,,1,0,M
6315470,Gizliajans,Alper Canıgüz,"Canıgüz, Alper",,"=""9750506308""","=""9789750506307""",0,3.81,İletişim Yayınları,Paperback,204,2008.0,2008.0,2010/01/01,2025/01/15,,,read,,,,1,0,M
22601135,Siddhartha,Hermann Hesse,"Hesse, Hermann",Kâmuran Şipal,"=""9750719395""","=""9789750719394""",0,4.08,Can Yayınları,Paperback,148,2014.0,1922.0,2019/07/01,2025/01/15,,,read,,,,1,0,M
10561870,Yalnızız,Peyami Safa,"Safa, Peyami",,"=""""","=""9789754370577""",0,4.3,Ötüken Neşriyat,Paperback,413,2016.0,1951.0,2010/01/01,2025/01/15,,,read,,,,1,0,M
6538385,Veronika Ölmek İstiyor,Paulo Coelho,"Coelho, Paulo",Haldun Pamir,"=""""","=""9789755109909""",0,3.73,Can Yayınları,Paperback,200,2009.0,1998.0,2010/01/01,2025/01/15,,,read,,,,1,0,M
7117481,Veba,Albert Camus,"Camus, Albert",Nedret Tanyolaç Öztokat,"=""9755107673""","=""9789755107677""",0,4.02,Can Yayınları,Paperback,277,2004.0,1947.0,2010/01/01,2025/01/15,,,read,,,,1,0,M
758901,Tutunamayanlar,Oğuz Atay,"Atay, Oğuz",,"=""""","=""9789754700114""",0,4.55,İletişim Yayınları,Paperback,724,1984.0,1972.0,2010/01/01,2025/01/15,,,read,,,,1,0,M
25080929,Trendeki Kız,Paula Hawkins,"Hawkins, Paula",Aslıhan Kuzucan,"=""6053754420""","=""9786053754428""",0,3.96,İthaki Yayınları,Paperback,360,2015.0,2015.0,2010/01/01,2025/01/15,,,read,,,,1,0,F
6922718,Tol,Murat Uyurkulak,"Uyurkulak, Murat",,"=""9753423721""","=""9789753423724""",0,3.82,Metis Yayıncılık,Paperback,262,2002.0,2002.0,2020/05/01,2025/01/15,,,read,,,,1,0,M
2152663,Tehlikeli Oyunlar,Oğuz Atay,"Atay, Oğuz",,"=""9754702098""","=""9789754702095""",0,4.6,İletişim Yayıncılık,Paperback,479,2000.0,1973.0,2010/01/01,2025/01/15,,,read,,,,1,0,M
35569174,Tebrikler Kovuldunuz!,Kaan Sekban,"Sekban, Kaan",,"=""""","=""""",0,3.72,Okuyan Us Yayınları,Paperback,288,2017.0,,2010/01/01,2025/01/15,,,read,,,,1,0,M
7388207,Tatlı Rüyalar,Alper Canıgüz,"Canıgüz, Alper",,"=""975470788X""","=""9789754707885""",0,3.95,İletişim Yayınları,Paperback,186,2000.0,2000.0,2010/01/01,2025/01/15,,,read,,,,1,0,M
7712550,Taaşşuk-ı Talat ve Fitnat,Sami Frashëri,"Frashëri, Sami",,"=""975447169X""","=""9789754471694""",0,3.67,Özgür Yayınları,Paperback,192,2009.0,1872.0,2010/01/01,2025/01/15,,,read,,,,1,0,M
13490314,"Şeker Portakalı (Zeze, #1)",José Mauro de Vasconcelos,"Vasconcelos, José Mauro de",Aydın Emeç,"=""9750719409""","=""9789750719400""",0,4.38,Can Yayınları,Paperback,184,2000.0,1968.0,2010/01/01,2025/01/15,,,read,,,,1,0,M
15739169,Şato,Franz Kafka,"Kafka, Franz",Şükrü Çorlu,"=""""","=""9789752732223""",0,3.92,İthaki,Paperback,359,2006.0,1926.0,2015/10/01,2025/01/15,,,read,,,,1,0,M
13493473,Son Darbe: 28 Şubat,Mehmet Ali Birand,"Birand, Mehmet Ali",,"=""6050905541""","=""9786050905540""",0,4.11,Doğan Kitap,Paperback,374,2012.0,2012.0,2010/01/01,2025/01/15,,,read,,,,1,0,M
13580479,Sineklerin Tanrısı,William Golding,"Golding, William",Mîna Urgan,"=""9754582904""","=""9789754582901""",0,3.7,Türkiye İş Bankası Kültür Yayınları,Paperback,272,2008.0,1954.0,2010/01/01,2025/01/15,,,read,,,,1,0,M
6795650,Simyacı,Paulo Coelho,"Coelho, Paulo",Özdemir İnce,"=""""","=""""",0,3.92,Can Yayınları,Paperback,166,1996.0,1988.0,2010/01/01,2025/01/15,,,read,,,,1,0,M
27810124,Sen Benim Hayatımsın,Ferzan Özpetek,"Özpetek, Ferzan",Şemsa Gezgin,"=""9750727738""","=""9789750727733""",0,3.78,Can Yayınları,Paperback,240,2015.0,2015.0,2019/01/01,2025/01/15,,,read,,,,1,0,M
16151182,Sahilde Kafka,Haruki Murakami,"Murakami, Haruki",Hüseyin Can Erkin,"=""605111386X""","=""9786051113869""",0,4.12,Doğan Kitap,Paperback,656,2009.0,2002.0,2010/01/01,2025/01/15,,,read,,,,1,0,M
31868775,Sadık Bey,Pınar Kür,"Kür, Pınar",,"=""9750732979""","=""9789750732973""",0,3.29,Can Yayınları,Paperback,168,2016.0,2016.0,2010/01/01,2025/01/15,,,read,,,,1,0,F
17558236,Ruhi Mücerret,Murat Menteş,"Menteş, Murat",,"=""6055262054""","=""9786055162054""",0,3.77,April Yayıncılık,Paperback,320,2013.0,2013.0,2010/01/01,2025/01/15,,,read,,,,1,0,M
8399007,Olasılıksız,Adam Fawer,"Fawer, Adam",Ayşe Şirin Okyayuz,"=""9756006056""","=""9789756006054""",0,4.14,April Yayıncılık,Paperback,470,2006.0,2005.0,2010/01/01,2025/01/15,,,read,,,,1,0,M
27839637,Olağanüstü Bir Gece,Stefan Zweig,"Zweig, Stefan",İlknur İgan,"=""6053326097""","=""9786053326090""",0,3.92,Türkiye İş Bankası Kültür Yayınları,Paperback,69,2015.0,1922.0,2019/04/01,2025/01/15,,,read,,,,1,0,M
7388232,"Oğullar ve Rencide Ruhlar (Alper Kamu, #1)",Alper Canıgüz,"Canıgüz, Alper",,"=""9750502051""","=""9789750502057""",0,4.16,İletişim Yayınları,Paperback,204,2004.0,2004.0,2015/10/01,2025/01/15,,,read,,,,1,0,M
15829385,"Nil'de Ölüm (Hercule Poirot, #18)",Agatha Christie,"Christie, Agatha",Gönül Suveren,"=""9754059616""","=""9789754059618""",0,4.12,Altın Kitaplar Yayınevi,Paperback,192,2008.0,1937.0,2010/01/01,2025/01/14,,,read,,,,1,0,F
32485688,Müptezeller,Emrah Serbes,"Serbes, Emrah",,"=""9750520971""","=""9789750520976""",0,3.42,İletişim Yayınları,Paperback,163,2016.0,2016.0,2010/01/01,2025/01/14,,,read,,,,1,0,M
27633733,"Mutlu Prens: Bütün Masallar, Bütün Öyküler",Oscar Wilde,"Wilde, Oscar","Roza Hakmen, Fatih Özgüven","=""975458687X""","=""9789754586879""",0,4.11,Türkiye İş Bankası Kültür Yayınları,Paperback,264,2006.0,1894.0,2010/01/01,2025/01/14,,,read,,,,1,0,M
7979105,Murtaza,Orhan Kemal,"Kemal, Orhan",,"=""9752893791""","=""9789752893795""",0,3.92,Everest Yayınları,Paperback,360,2000.0,1952.0,2010/01/01,2025/01/14,,,read,,,,1,0,M
58130513,Mezbaha Beş,Kurt Vonnegut Jr.,"Jr., Kurt Vonnegut",Hamdi Koç,"=""9750751116""","=""9789750751110""",0,4.1,Can Yayınları,Paperback,208,2021.0,1969.0,2021/09/01,2025/01/14,,,read,,,,1,0,M
7712532,Matmazel Noraliya'nın Koltuğu,Peyami Safa,"Safa, Peyami",,"=""9754370567""","=""9789754370560""",0,4.01,Ötüken Yayınları,Paperback,308,2016.0,1949.0,2010/01/01,2025/01/14,,,read,,,,1,0,M
8333373,Mai ve Siyah,Halid Ziya Uşaklıgil,"Uşaklıgil, Halid Ziya",,"=""""","=""9789750731792""",0,3.82,Can Yayınları,Paperback,332,2016.0,1896.0,2010/01/01,2025/01/14,,,read,,,,1,0,M
16007544,Lizbon'a Gece Treni,Pascal Mercier,"Mercier, Pascal",,"=""6055340437""","=""9786055340438""",0,3.74,Kırmızı Kedi Yayınevi,Paperback,400,2012.0,2004.0,2010/01/01,2025/01/14,,,read,,,,1,0,M
39678182,Leyla ile Mecnun,Burak Aksak,"Aksak, Burak",,"=""""","=""""",0,4.08,Küsurat,Paperback,272,2018.0,,2010/01/01,2025/01/14,,,read,,,,1,0,M
220826,Kürk Mantolu Madonna,Sabahattin Ali,"Ali, Sabahattin",,"=""9753638027""","=""9789753638027""",0,4.4,Yapı Kredi Yayınları,Paperback,160,1998.0,1943.0,2010/01/01,2025/01/14,,,read,,,,1,0,M
11451892,Küçük Prens,Antoine de Saint-Exupéry,"Saint-Exupéry, Antoine de",Sumru Ağıryürüyen,"=""""","=""9789755310095""",0,4.33,Mavibulut Yayıncılık,Paperback,95,2013.0,1943.0,2010/01/01,2025/01/14,,,read,,,,1,0,M
45717201,Kurtların Saati,Håkan Nesser,"Nesser, Håkan",Evgin Serbest,"=""6056933504""","=""9786056933509""",0,3.59,İndie Yayınları,Paperback,304,2019.0,1993.0,2019/08/01,2025/01/14,,,read,,,,1,0,M
7544517,Korkma Ben Varım,Murat Menteş,"Menteş, Murat",,"=""""","=""9789750507144""",0,4.11,İletişim Yayınları,Paperback,424,2009.0,2009.0,2010/01/01,2025/01/14,,,read,,,,1,0,M
25046163,Kolera Günlerinde Aşk,Gabriel García Márquez,"Márquez, Gabriel García",Şadan Karadeniz,"=""9750730143""","=""9789750730146""",0,3.94,Can Yayınları,Paperback,448,2016.0,1985.0,2010/01/01,2025/01/14,,,read,,,,1,0,M
13616931,Örneklerle Kolay Ekonomi,Mahfi Eğilmez,"Eğilmez, Mahfi",,"=""9751414989""","=""9789751414984""",0,4.05,Remzi Kitabevi,Paperback,216,2015.0,2014.0,2010/01/01,2025/01/14,,,read,,,,1,0,M
43394736,Klara Miliç,Ivan Turgenev,"Turgenev, Ivan",Ceren Durukan Akyüz,"=""""","=""9786052956434""",0,3.73,Türkiye İş Bankası Kültür Yayınları,Hardcover,100,2018.0,1883.0,2020/03/01,2025/01/14,,,read,,,,1,0,M
30180297,Kibritleri Çok Seven Küçük Kız,Gaétan Soucy,"Soucy, Gaétan",Aysel Bora,"=""9750732235""","=""9789750732232""",0,3.76,Can Yayınları,Paperback,152,2016.0,1998.0,2010/01/01,2025/01/14,,,read,,,,1,0,M
38721465,Kırlangıç Çığlığı,Ahmet Ümit,"Ümit, Ahmet",,"=""6051852476""","=""9786051852478""",0,4.18,Everest Yayınları,Paperback,400,2018.0,2018.0,2010/01/01,2025/01/14,,,read,,,,1,0,M
25370927,İnsanlığın Yıldızının Parladığı Anlar: On Dört Tarihsel Minyatür,Stefan Zweig,"Zweig, Stefan",Kasım Eğit,"=""9750724445""","=""9789750724442""",0,4.24,Can Yayınları,Paperback,247,2016.0,1927.0,2010/01/01,2025/01/14,,,read,,,,1,0,M
7174618,Hayvan Çiftliği: Bir Peri Masalı,George Orwell,"Orwell, George",Celâl Üster,"=""9750700112""","=""9789750700118""",0,4.0,Can Yayınları,Paperback,152,2013.0,1945.0,2010/01/01,2025/01/14,,,read,,,,1,0,M
35895577,Haylaz Kalbim,Ayşe Aral,"Aral, Ayşe",,"=""6050943990""","=""9786050943993""",0,3.67,Doğan Novus,Paperback,272,2017.0,,2010/01/01,2025/01/14,,,read,,,,1,0,F
35509627,"Nikola Tesla Hayatım, Buluşlarım ve Düşüncelerim",Nikola Tesla,"Tesla, Nikola",Özge Çağlar Aksoy,"=""6056663779""","=""9786056663772""",0,3.83,Olvido Kitap,Paperback,136,2017.0,,2019/10/01,2025/01/14,,,read,,,,1,0,M
24928193,Hadula: Bir Ada Öyküsü,Alexandros Papadiamantis,"Papadiamantis, Alexandros","Herkül Millas, Yasemin Aydın","=""6056501957""","=""9786056501951""",0,4.24,Jaguar Kitap,Paperback,136,2015.0,1903.0,2019/08/01,2025/01/14,,,read,,,,1,0,M
6361588,"Güneşi Uyandıralım (Zeze, #2)",José Mauro de Vasconcelos,"Vasconcelos, José Mauro de",Aydın Emeç,"=""9755100148""","=""9789755100142""",0,4.01,Can Yayınları,Paperback,256,1993.0,1974.0,2010/01/01,2025/01/14,,,read,,,,1,0,M
9269065,Gece Uçuşu,Antoine de Saint-Exupéry,"Saint-Exupéry, Antoine de","André Gide, Bertan Onaran","=""9753043171""","=""9789753043175""",0,3.79,Dünya Kitapları,Paperback,98,2005.0,1931.0,2010/01/01,2025/01/14,,,read,,,,1,0,M
36661290,Felaketzedeler Evi,Guillermo Rosales,"Rosales, Guillermo",Gökhan Aksay,"=""6058259371""","=""9786058259379""",0,3.9,Jaguar Kitap,Paperback,114,2017.0,1987.0,2019/07/01,2025/01/14,,,read,,,,1,0,M
33947549,Farfara,Sezgin Kaymaz,"Kaymaz, Sezgin",,"=""6055162806""","=""9786055162801""",0,3.97,April,Paperback,416,2017.0,2017.0,2010/01/01,2025/01/14,,,read,,,,1,0,M
10234934,Fakat Müzeyyen Bu Derin Bir Tutku,İlhami Algör,"Algör, İlhami",,"=""9758457136""","=""""",0,3.08,Dost Kitabevi,Paperback,73,2000.0,1995.0,2010/01/01,2025/01/14,,,read,,,,1,0,M
10369589,Ezilenler,Fyodor Dostoevsky,"Dostoevsky, Fyodor",,"=""""","=""9789754185287""",0,4.25,Adam Yayınları,Paperback,366,1988.0,1861.0,2010/01/01,2025/01/14,,,read,,,,1,0,M
34600748,Eski Karım Uzaya Gidiyor,Bahadır Cüneyt Yalçın,"Yalçın, Bahadır Cüneyt",,"=""6055162814""","=""9786055162818""",0,3.22,April yayıncılık,Paperback,264,2017.0,2017.0,2010/01/01,2025/01/14,,,read,,,,1,0,M
5441708,Dublörün Dilemması,Murat Menteş,"Menteş, Murat",,"=""9750503228""","=""9789750503221""",0,3.97,İletişim Yayınları,Paperback,263,2005.0,2005.0,2015/10/01,2025/01/14,,,read,,,,1,0,M
9509724,Dönüşüm,Franz Kafka,"Kafka, Franz",Ahmet Cemal,"=""""","=""9789755100210""",0,3.89,Can Yayınları,Paperback,102,2012.0,1915.0,2010/01/01,2025/01/14,,,read,,,,1,0,M
9363758,Delifişek (Zeze #3),José Mauro de Vasconcelos,"Vasconcelos, José Mauro de",,"=""9755105115""","=""9789755105116""",0,3.56,Can Yayınları,Paperback,102,1994.0,1963.0,2010/01/01,2025/01/14,,,read,,,,1,0,M
22404346,Deliduman,Emrah Serbes,"Serbes, Emrah",,"=""9750515609""","=""9789750515606""",0,3.25,İletişim Yayınları,Paperback,350,2014.0,2014.0,2010/01/01,2025/01/14,,,read,,,,1,0,M
20695669,Deli Gönlüm,Peyami Safa,"Safa, Peyami",,"=""9944148407""","=""9789944148405""",0,3.81,Alkım Yayınevi,Paperback,224,2004.0,1941.0,2010/01/01,2025/01/14,,,read,,,,1,0,M
7748829,Dava,David Zane Mairowitz,"Mairowitz, David Zane","Franz Kafka, Chantal Montellier, Kutlukhan Kutlu","=""6055813289""","=""9786055813284""",0,3.63,NTV Yayınları,Paperback,128,2009.0,1925.0,2010/01/01,2025/01/14,,,read,,,,1,0,M
636802,Çalıkuşu,Reşat Nuri Güntekin,"Güntekin, Reşat Nuri",,"=""9751000122""","=""9789751000125""",0,4.32,İnkılâp Kitabevi,Paperback,448,1992.0,1922.0,2010/01/01,2025/01/14,,,read,,,,1,0,M
6600455,Çakırcalı Efe,Yaşar Kemal,"Kemal, Yaşar",Abidin Dino,"=""""","=""""",0,4.24,Yapı Kredi Yayınları,Paperback,182,2004.0,1972.0,2010/01/01,2025/01/14,,,read,,,,1,0,M
24201009,Cimri,Molière,"Molière, Molière",Sabahattin Eyüboğlu,"=""9754588422""","=""9789754588422""",0,3.56,Türkiye İş Bankası Yayınları,Paperback,104,2006.0,1668.0,2010/01/01,2025/01/14,,,read,,,,1,0,M
17930729,"Cehennem Çiçeği (Alper Kamu, #2)",Alper Canıgüz,"Canıgüz, Alper",,"=""6055162083""","=""9786055162085""",0,4.34,April Yayıncılık,Paperback,221,2013.0,2013.0,2010/01/01,2025/01/14,,,read,,,,1,0,M
32174092,Casus,Paulo Coelho,"Coelho, Paulo",Emrah İmre,"=""9750733061""","=""9789750733062""",0,3.38,Can Yayınları,Paperback,152,2016.0,2017.0,2010/01/01,2025/01/14,,,read,,,,1,0,M
20451188,"Canım Aliye, Ruhum Filiz",Sabahattin Ali,"Ali, Sabahattin",Sevengül Sönmez,"=""9750826671""","=""9789750826672""",0,4.39,Yapı Kredi Yayınları,Paperback,160,2014.0,2014.0,2019/04/01,2025/01/14,,,read,,,,1,0,M
12124346,Cânân,Peyami Safa,"Safa, Peyami",,"=""975437080X""","=""9789754370805""",0,3.74,Ötüken Yayınevi,Paperback,259,2016.0,1925.0,2010/01/01,2025/01/14,,,read,,,,1,0,M
30621290,Büyüleyici Bağırsak,Giulia Enders,"Enders, Giulia","Jill Enders, Alisa Candan Karsu","=""6059177050""","=""9786059177054""",0,4.07,Büyükada Yayıncılık,Paperback,286,2016.0,2014.0,2020/07/01,2025/01/14,,,read,,,,1,0,F
33623772,Bütün Bir Ömür,Robert Seethaler,"Seethaler, Robert",Feza Şişman,"=""""","=""""",0,3.94,Timaş Yayınları,Paperback,144,2017.0,2014.0,2020/05/01,2025/01/14,,,read,,,,1,0,M
23267107,Bir Nefeste Dünya Mitolojisi,Mark Daniels,"Daniels, Mark","Pınar Üstel, Gökçe Gündoğdu","=""6055675889""","=""9786055675882""",0,3.25,Maya Kitap,Paperback,224,2014.0,2013.0,2020/08/01,2025/01/14,,,read,,,,1,0,M
1531996,"Bir Kedi, Bir Adam, Bir Ölüm",Zülfü Livaneli,"Livaneli, Zülfü",Zülfü Livaneli,"=""9751407958""","=""9789751407955""",0,4.01,Remzi Kitabevi,Paperback,221,2001.0,2001.0,2010/01/01,2025/01/14,,,read,,,,1,0,M
45415750,Bilinmeyen Sular,Mevsim Yenice,"Yenice, Mevsim",,"=""9750740467""","=""9789750740466""",0,3.88,Can Yayınları,Paperback,96,2019.0,,2019/11/01,2025/01/14,,,read,,,,1,0,F
18662065,Beyoğlu'nun En Güzel Abisi,Ahmet Ümit,"Ümit, Ahmet",,"=""6051416838""","=""9786051416830""",0,3.81,Everest Yayınları,Paperback,418,2014.0,2013.0,2010/01/01,2025/01/14,,,read,,,,1,0,M
9099787,Beş Sevim Apartmanı: Rüya Tabirli Cinperi Yalanları,Mine Söğüt,"Söğüt, Mine",,"=""9750805488""","=""9789750805486""",0,4.29,Yapı Kredi Yayınları,Paperback,128,2014.0,2003.0,2010/01/01,2025/01/14,,,read,,,,1,0,F
45321579,Bence Katil Öldürdü,Kurtcebe Turgul,"Turgul, Kurtcebe",Bora Başkan,"=""9750740416""","=""9789750740411""",0,3.74,Mundi,Paperback,144,2019.0,,2021/09/01,2025/01/14,,,read,,,,1,0,M
1838912,Aylak Adam,Yusuf Atılgan,"Atılgan, Yusuf",,"=""""","=""9789750802446""",0,4.25,Yapı Kredi Yayınları ,Paperback,155,2000.0,1959.0,2020/02/01,2025/01/14,,,read,,,,1,0,M
50858488,Aşkımız Eski Bir Roman,Ahmet Ümit,"Ümit, Ahmet",,"=""9750845552""","=""9789750845550""",0,3.64,Yapı Kredi Yayınları,Paperback,224,2019.0,2019.0,2019/10/01,2025/01/14,,,read,,,,1,0,M
41739991,Antika Titanik,Murat Menteş,"Menteş, Murat",,"=""6056842681""","=""9786056842689""",0,3.29,April Yayıncılık,Paperback,360,2018.0,2018.0,2019/04/01,2025/01/14,,,read,,,,1,0,M
10290506,Amaç,Eliyahu M. Goldratt,"Goldratt, Eliyahu M.","Jeff Cox, Ayşe Bilge Dicleli","=""""","=""9789944186551""",0,4.08,Optimist Yayınları,Paperback,428,2007.0,1984.0,2020/01/01,2025/01/14,,,read,,,,1,0,M
36052495,Altıncı Koğuş,Anton Chekhov,"Chekhov, Anton",Yulva Muhurcişi,"=""6052951567""","=""9786052951569""",0,4.25,Türkiye İş Bankası Kültür Yayınları,Paperback,72,2017.0,1892.0,2020/03/01,2025/01/14,,,read,,,,1,0,M
40104513,Allah Senden Razı Olsun Dr. Kevorkian,Kurt Vonnegut Jr.,"Jr., Kurt Vonnegut",Eda Nur Timur,"=""6055162954""","=""9786055162955""",0,3.87,April Yayıncılık,Paperback,64,2018.0,1999.0,2020/05/01,2025/01/14,,,read,,,,1,0,M
10234950,Albayım Beni Nezahat ile Evlendir,İlhami Algör,"Algör, İlhami",,"=""9758457152""","=""""",0,3.17,Dost Kitabevi,Paperback,99,2000.0,2000.0,2010/01/01,2025/01/14,,,read,,,,1,0,M
58766542,Ada Hikâyeleri,Alexandros Papadiamantis,"Papadiamantis, Alexandros",,"=""605800456X""","=""9786058004566""",0,3.21,Kutu Yayınları,Paperback,127,2021.0,,2023/02/27,2025/01/13,,,read,,,,1,0,M
201317868,Ingeborg'un Tollak'ı,Tore Renberg,"Renberg, Tore",Damla Güler Eren,"=""6050848300""","=""9786050848304""",4,4.23,Timaş Yayınları,Paperback,208,2023.0,2020.0,2025/01/03,2024/12/31,,,read,,,,1,0,M
12299790,Karahindiba,Sinan Sülün,"Sülün, Sinan",,"=""9755705244""","=""9789755705248""",4,3.68,Sel Yayıncılık,Paperback,136,2011.0,2011.0,2024/12/08,2024/12/06,,,read,,,,1,0,M
27992832,Şahsi Düşler ve Onur Kırıcı Gerçekler,Batıkan Köse,"Köse, Batıkan",,"=""9750518675""","=""9789750518676""",4,4.49,İletişim Yayınları,Paperback,110,2015.0,2015.0,2024/12/25,2024/12/25,,,read,,,,1,0,M
94425401,Güneşteki Adamlar,Ghassan Kanafani,"Kanafani, Ghassan","غسان كنفاني, Mehmet Hakkı Suçin","=""6053162779""","=""9786053162773""",5,4.21,Metis Kitap,Paperback,80,2023.0,1963.0,2024/12/29,2024/12/26,,,read,,,,1,0,M
61770166,Küçük Yuvarlak Taşlar,Melisa Kesmez,"Kesmez, Melisa",,"=""""","=""""",4,4.33,İletişim Yayıncılık,Paperback,84,2022.0,2022.0,2024/12/26,2024/12/25,,,read,,,,1,0,F
41104077,Invisible Women: Data Bias in a World Designed for Men,Caroline Criado Pérez,"Pérez, Caroline Criado",,"=""1419729071""","=""9781419729072""",0,4.35,Abrams Press,Hardcover,448,2019.0,2019.0,,2024/12/25,to-read,to-read (#1),to-read,,,,0,0,F
207614832,Hyunam-Dong Kitabevi,Hwang Bo-Reum,"Bo-Reum, Hwang","Nilay Özeser, Selin Çolak","=""6259871465""","=""9786259871462""",5,3.96,Athica Yayınları,Paperback,285,2024.0,2022.0,2024/09/18,2024/09/08,,,read,,,,1,0,F
209334782,Malma İstasyonu,Alex Schulman,"Schulman, Alex",Zeynep Tamer,"=""605084853X""","=""9786050848533""",5,3.67,Timaş Yayınları,Paperback,255,2024.0,2022.0,2024/12/17,2024/12/14,,,read,,,,1,0,M
187780016,Tahta Kurdu,Layla Martínez,"Martínez, Layla",,"=""6057463293""","=""9786057463296""",4,4.12,Yan Pasaj Yayınevi,Paperback,112,2023.0,2021.0,2024/12/14,2024/12/08,,,read,,,,1,0,F
45356875,Kaza Süsü,Eda İşler,"İşler, Eda",,"=""9759959577""","=""9789759959579""",0,3.35,Dergah Yayınları,Paperback,119,2019.0,2019.0,2020/11/01,2024/12/07,,,read,,,,1,0,F
34224850,Yürümenin Felsefesi,Frédéric Gros,"Gros, Frédéric",Albina Ulutaşlı,"=""""","=""""",0,3.73,Kolektif Kitap,Paperback,192,2017.0,2009.0,2021/04/01,2024/12/07,,,read,,,,1,0,M
23550968,Efendi ile Uşağı,Leo Tolstoy,"Tolstoy, Leo",Ayşe Hacıhasanoğlu,"=""6053328499""","=""9786053328490""",0,4.0,İş Bankası Kültür Yayınları,Paperback,144,2016.0,1895.0,2021/04/01,2024/12/07,,,read,,,,1,0,M
34879265,The Little Book of Lykke: The Danish Search for the World's Happiest People,Meik Wiking,"Wiking, Meik",,"=""0241302013""","=""9780241302019""",0,3.99,Penguin Life,Hardcover,288,2017.0,2017.0,2021/05/01,2024/12/07,,,read,,,,1,0,M
36411269,Freud: Mutluluğun Mimarı,Stefan Zweig,"Zweig, Stefan",Mine Bali,"=""6052060026""","=""9786052060025""",0,4.0,Zeplin Kitap,Paperback,180,2017.0,1931.0,2021/06/01,2024/12/07,,,read,,,,1,0,M
34612133,Kan ve Gül: Bir Kara Dejavu,Alper Canıgüz,"Canıgüz, Alper",,"=""6055162822""","=""9786055162825""",0,3.99,April Yayıncılık,Paperback,216,2017.0,2017.0,2021/07/01,2024/12/07,,,read,,,,1,0,M
41110264,The Creative Thinking Handbook: Your Step-by-Step Guide to Problem Solving in Business,Chris Griffiths,"Griffiths, Chris",Melina Costi,"=""0749484667""","=""9780749484668""",0,3.85,Kogan Page,Paperback,248,2019.0,,2021/12/01,2024/12/07,,,read,,,,1,0,M
31519967,Sıfırdan Bire,Blake  Masters,"Masters, Blake","Peter Thiel, Ekin Can Göksoy","=""""","=""""",0,4.15,Pegasus Yayınları,Hardcover,224,2016.0,2014.0,2022/01/01,2024/12/07,,,read,,,,1,0,M
33642488,Gezgin,Kahlil Gibran,"Gibran, Kahlil","Halil Cibran, Kenan Sarıalioğlu","=""6053326194""","=""9786053326199""",0,3.7,Türkiye İş Bankası Kültür Yayınları,Paperback,72,2015.0,1932.0,2022/01/01,2024/12/07,,,read,,,,1,0,M
59585951,Fink,Murat Menteş,"Menteş, Murat",,"=""6254494388""","=""9786254494383""",0,3.69,Alfa Yayınları,Paperback,310,2021.0,2021.0,2022/02/01,2024/12/07,,,read,,,,1,0,M
53711349,Atomik Alışkanlıklar,James Clear,"Clear, James",Sevinç Seyla Tezcan,"=""6052998385""","=""9786052998380""",0,4.34,Pegasus Yayınları,Paperback,352,2020.0,2018.0,2022/03/01,2024/12/07,,,read,,,,1,0,M
58176395,Gece Yarısı Kütüphanesi,Matt Haig,"Haig, Matt",Kıvanç Güney,"=""6051981837""","=""9786051981833""",0,3.99,Domingo Yayınevi,Paperback,296,2021.0,2020.0,2022/05/01,2024/12/07,,,read,,,,1,0,M
9405673,Felâtun Bey ve Râkım Efendi,Ahmed Midhat Efendi,"Efendi, Ahmed Midhat",,"=""""","=""9789756446065""",0,3.4,Şule Yayınları,Paperback,214,2016.0,1875.0,2022/05/01,2024/12/07,,,read,,,,1,0,M
42831979,Hey Garson!,Murat Sevinç,"Sevinç, Murat",,"=""6058108806""","=""9786058108806""",0,3.57,April Yayıncılık,Paperback,104,2018.0,,2022/08/01,2024/12/07,,,read,,,,1,0,M
15731662,Kendine Ait Bir Oda,Virginia Woolf,"Woolf, Virginia",İlknur Özdemir,"=""6055340305""","=""9786055340308""",0,4.22,Kırmızı Kedi Yayınevi,Paperback,128,2012.0,1929.0,2022/09/01,2024/12/07,,,read,,,,1,0,F
35249663,Inspired: How to Create Tech Products Customers Love,Marty Cagan,"Cagan, Marty",,"=""1119387507""","=""9781119387503""",0,4.24,John Wiley & Sons Inc,Hardcover,349,2017.0,2008.0,2022/10/01,2024/12/07,,,read,,,,1,0,M
59363330,Dünya Yuvarlaktır,Gertrude Stein,"Stein, Gertrude",Atakan Karaduman,"=""6057400402""","=""9786057400406""",0,3.87,Altı Kırkbeş,Paperback,96,2021.0,1939.0,2022/10/01,2024/12/07,,,read,,,,1,0,F
38472193,Hayatlarımın Kitabı,Aleksandar Hemon,"Hemon, Aleksandar",Seda Çıngay Mellor,"=""6051852417""","=""9786051852416""",0,4.18,Everest Yayınları,Paperback,192,2018.0,2013.0,2022/12/01,2024/12/07,,,read,,,,1,0,M
17206234,Gölgeler Çekildiğinde,Cahide Birgül,"Birgül, Cahide",,"=""""","=""""",0,3.91,İş Kültür Yayınları,Paperback,172,2002.0,1998.0,2022/12/01,2024/12/07,,,read,,,,1,0,F
18403569,Mösyö İbrahim ve Kuran'ın Çiçekleri,Éric-Emmanuel Schmitt,"Schmitt, Éric-Emmanuel",Bahadırhan Bozkurt,"=""""","=""""",5,3.84,Bilge Kültür Sanat,Paperback,58,2004.0,2001.0,2024/12/02,2024/12/02,,,read,,,,1,0,M
216379291,Soğuk Ter,Boileau-Narcejac,"Boileau-Narcejac, Boileau-Narcejac","Pierre Boileau, Thomas Narcejac, Alev Özgüner","=""6254298058""","=""9786254298059""",5,3.79,Türkiye İş Bankası Kültür Yayınları,Paperback,176,2024.0,1954.0,2024/11/28,2024/11/22,,,read,,,,1,0,M
210528222,Arkada Yaylılar Çalıyor,Melikşah Altuntaş,"Altuntaş, Melikşah",,"=""6259993099""","=""9786259993096""",4,3.27,Holden Kitap,Paperback,144,2024.0,,2024/08/31,2024/08/30,,,read,,,,1,0,M
39688907,Güzel Sanatların Bir Dalı Olarak Evlilik,Julia Kristeva,"Kristeva, Julia","Philippe Sollers, Aysel Bora","=""9750842073""","=""9789750842078""",2,3.2,Yapı Kredi Yayınları,Paperback,104,2018.0,2015.0,2024/11/20,2024/11/13,,,read,,,,1,0,F
30051475,Dünyanın Merkezine Tünel Kazmak,Kevin    Wilson,"Wilson, Kevin",Emre Gözgü,"=""6054729683""","=""9786054729685""",4,4.05,Domingo Yayınevi,Paperback,240,2016.0,2009.0,2024/12/02,2024/11/12,,,read,,,,1,0,M
28209124,Seyrek Yağmur,Barış Bıçakçı,"Bıçakçı, Barış",,"=""9750518772""","=""9789750518775""",3,3.55,İletişim Yayınları,Paperback,100,2016.0,2016.0,2024/11/11,2024/11/09,,,read,,,,1,0,M
58079030,Klara ile Güneş,Kazuo Ishiguro,"Ishiguro, Kazuo",Lâle Akalın,"=""9750849507""","=""9789750849503""",4,3.74,Yapı Kredi Yayınları,Paperback,262,2021.0,2021.0,2024/11/08,2024/10/30,,,read,,,,1,0,M
168967151,Konusmalar,Konfücyus,"Konfücyus, Konfücyus",,"=""6052134488""","=""9786052134481""",2,3.81,Tutku Yayinevi,Paperback,136,2018.0,-475.0,2024/10/31,2024/10/16,,,read,,,,1,0,M
61639178,"Bağımlılık (Kopenhag Üçlemesi, #3)",Tove Ditlevsen,"Ditlevsen, Tove",Leyla Tamer,"=""""","=""""",5,4.4,Monokl Yayınları,Paperback,128,2022.0,1971.0,2024/10/12,2024/10/11,,,read,,,,1,0,F
59655621,"Gençlik (Kopenhag Üçlemesi, #2)",Tove Ditlevsen,"Ditlevsen, Tove",Leyla Tamer,"=""6057072227""","=""9786057072221""",5,4.22,MonoKL Kitap,Paperback,128,2021.0,1967.0,2024/10/11,2024/10/08,,,read,,,,1,0,F
58415140,"Çocukluk (Kopenhag Üçlemesi, #1)",Tove Ditlevsen,"Ditlevsen, Tove",Leyla Tamer,"=""6057472357""","=""9786057472359""",5,4.1,Monokl,Paperback,96,2021.0,1967.0,2024/10/08,2024/10/05,,,read,,,,1,0,F
211157684,Akademi İçin Bir Rapor,Mahi Grand,"Grand, Mahi",Hasan Can Utku,"=""6259962606""","=""9786259962603""",4,3.59,Desen Yayınları,Paperback,128,2024.0,,2024/10/04,2024/10/03,,,read,,,,1,0,M
122763511,İlgi Arayışı,Adam Phillips,"Phillips, Adam",,"=""6053141828""","=""9786053141822""",3,3.54,Ayrıntı Yayınları,Paperback,128,2023.0,2019.0,2024/09/30,2024/09/24,,,read,,,,1,0,M
45890555,Doğum Günü Kızı,Haruki Murakami,"Murakami, Haruki","Kat Menschik, Ali Volkan Erdemir","=""6050953449""","=""9786050953442""",4,3.56,Doğan Kitap,Paperback,68,2019.0,2002.0,2024/09/22,2024/09/22,,,read,,,,1,0,M
24948186,Merkez İstasyonu'nda Oturup Ağladım,Elizabeth Smart,"Smart, Elizabeth",Alev Bulut Kerimoğlu,"=""""","=""""",3,3.49,Telos Yayıncılık,Paperback,115,1997.0,1945.0,2024/09/22,2024/09/19,,,read,,,,1,0,F
216379165,Şeytani,Boileau-Narcejac,"Boileau-Narcejac, Boileau-Narcejac","Pierre Boileau, Işıl Özgüner, Thomas Narcejac","=""6254298198""","=""9786254298196""",5,3.75,Türkiye İş Bankası Kültür Yayınları,Paperback,152,2024.0,1952.0,2024/08/30,2024/08/21,,,read,,,,1,0,M
51839314,Sondan Sonra,Megan  Hunter,"Hunter, Megan",Ayça Çınaroğlu,"=""9750845080""","=""9789750845086""",4,3.4,Yapı Kredi Yayınları,Paperback,96,2019.0,2017.0,2024/05/01,2024/05/01,,,read,,,,1,0,F
204852495,Sınırsız Ülke,Patricia Engel,"Engel, Patricia",Elif Nihan Akbaş,"=""6259993021""","=""9786259993027""",4,3.93,Holden Kitap,Paperback,192,2024.0,2021.0,2024/04/27,2024/04/15,,,read,,,,1,0,F
55814038,Ev,Nermin Yıldırım,"Yıldırım, Nermin",,"=""6051923993""","=""9786051923994""",4,4.13,Hep Kitap,Paperback,456,2020.0,2020.0,2024/08/05,2024/08/01,,,read,,,,1,0,F
58855001,Doğum Lekesi Gibi Bir Gülümseme,Barış Bıçakçı,"Bıçakçı, Barış",,"=""9750531671""","=""9789750531675""",4,3.79,İletişim Yayınları,Paperback,99,2021.0,2021.0,2024/08/18,2024/08/17,,,read,,,,1,0,M
22023068,Sokağın Dili Olsa,James Baldwin,"Baldwin, James",Seçkin Selvi,"=""9750812328""","=""9789750812323""",4,4.27,Yapı Kredi Yayınları,Paperback,174,2007.0,1974.0,2024/08/15,2024/08/15,,,read,,,,1,0,M
60852290,Telaş Bandosu,Semih Öztürk,"Öztürk, Semih",,"=""9750533011""","=""9789750533013""",3,3.66,İletişim ,Paperback,87,2022.0,,2024/08/20,2024/08/19,,,read,,,,1,0,M
10812790,Batan Güneş,Osamu Dazai,"Dazai, Osamu",Esin Talû-Çelikkan,"=""975363224X""","=""9789753632249""",4,3.98,Yapı Kredi Yayınları,Paperback,101,1995.0,1947.0,2024/07/16,2024/07/16,,,read,,,,1,0,M
203112343,Postane Günlükleri,Vigdis Hjorth,"Hjorth, Vigdis",Dilek Başak,"=""6057260147""","=""9786057260147""",4,3.64,Siren Yayınları,Paperback,168,2023.0,2012.0,2024/07/11,2024/07/06,,,read,,,,1,0,F
36438860,Tütüncü Çırağı,Robert Seethaler,"Seethaler, Robert",Oktay Değirmenci,"=""6058259363""","=""9786058259362""",4,3.74,Jaguar Kitap,Paperback,218,2017.0,2012.0,2024/07/22,2024/07/17,,,read,,,,1,0,M
10369600,Beyaz Geceler,Fyodor Dostoevsky,"Dostoevsky, Fyodor",Sabri Gürses,"=""9750710339""","=""9789750710339""",5,4.07,Can Yayınları ,Paperback,96,2013.0,1848.0,2024/08/06,2024/08/06,,,read,,,,1,0,M
206106262,Kramp,María José Ferrada,"Ferrada, María José",Emrah İmre,"=""9750762789""","=""9789750762789""",5,3.9,Can Yayınları,Paperback,104,2024.0,2017.0,2024/08/19,2024/08/18,,,read,,,,1,0,F
75555793,"Beautiful World, Where Are You",Sally Rooney,"Rooney, Sally",,"=""0571365442""","=""9780571365449""",4,3.53,Faber  Faber,Paperback,337,2023.0,2021.0,2024/04/14,2024/04/04,,,read,,,,1,0,F
63313297,The Details,Ia Genberg,"Genberg, Ia",Kira Josefsson,"=""0063309718""","=""9780063309715""",4,3.89,HarperVia,Hardcover,144,2023.0,2022.0,2024/05/31,2024/05/02,,,read,,,,1,0,F
16084510,Sabah Yolcuları,Feyza Hepçilingirler,"Hepçilingirler, Feyza",,"=""9751407370""","=""9789751407375""",3,3.19,Remzi Kitabevi,Paperback,142,2000.0,1981.0,2024/03/31,2024/03/31,,,read,,,,1,0,F
18516228,Zavallılar,Alasdair Gray,"Gray, Alasdair",Süha Sertabiboğlu,"=""975570549X""","=""9789755705491""",4,3.93,Sel Yayıncılık,Paperback,312,2012.0,1992.0,2024/03/26,2024/03/24,,,read,,,,1,0,M
28497793,Bir Günü Bitirme Sanatı,Banu Özyürek,"Özyürek, Banu",,"=""6055185652""","=""9786055185657""",4,3.94,Raskolun Baltası,Paperback,112,2015.0,,2024/03/18,2024/03/11,,,read,,,,1,0,F
202012049,Önemi Yok,Ágota Kristóf,"Kristóf, Ágota",Feyza Zaim,"=""9750762258""","=""9789750762253""",4,3.64,Can Yayınları,Paperback,96,2023.0,2005.0,2024/03/10,2024/03/04,,,read,,,,1,0,F
62590154,Dejavu,Menekşe Toprak,"Toprak, Menekşe",,"=""""","=""""",4,4.03,Doğan Kitap,Paperback,256,2022.0,,2024/03/04,2024/02/29,,,read,,,,1,0,F
35924905,Dönüş,Tim Winton,"Winton, Tim",Seda Çıngay Mellor,"=""6056492060""","=""9786056492068""",5,4.01,Yüz Kitap,Paperback,320,2017.0,2004.0,2024/02/28,2024/02/16,,,read,,,,1,0,M
57755879,Dağ Günlükleri - Bıldırcın Karı,Paolo Cognetti,"Cognetti, Paolo","Alessandro Sanna, Yelda Gürlek","=""6257994195""","=""9786257994194""",4,3.68,Kafka Kitap,Paperback,136,2021.0,2013.0,2024/02/12,2024/02/12,,,read,,,,1,0,M
54922397,Reenkarnasyon Blues,Michael Poore,"Poore, Michael",Kıvanç Güney,"=""6051981209""","=""9786051981208""",3,3.88,Domingo Yayınevi,Paperback,408,2020.0,2017.0,2024/01/31,2024/01/14,,,read,,,,1,0,M
56654511,Beyaz Kitap,Han Kang,"Kang, Han",S. Göksel Türközü,"=""6050605653""","=""9786050605655""",5,3.82,April Yayıncılık,Paperback,152,2021.0,2016.0,2024/01/12,2024/01/09,,,read,,,,1,0,F
59915572,Hayatta Kalanlar,Alex Schulman,"Schulman, Alex",Zeynep Tamer,"=""6050843848""","=""9786050843842""",5,3.68,Timaş Yayınları,Paperback,224,2022.0,2020.0,2024/01/08,2024/01/09,,,read,,,,1,0,M
193724320,Afili Hafiye,Murat Menteş,"Menteş, Murat",,"=""6254498219""","=""9786254498213""",0,3.67,Alfa Yayınları,Paperback,312,2023.0,,2023/11/03,2023/11/03,,,read,,,,1,0,M
52891408,Üç Köşeli Dünya,Natsume Sōseki,"Sōseki, Natsume",Burcu Erol,"=""6058016673""","=""9786058016675""",0,3.77,Konu Kitap,Paperback,168,2020.0,1906.0,2023/10/28,2023/10/19,,,read,,,,1,0,M
18585905,Yavru Ceylan,Magda Szabó,"Szabó, Magda",Yasemin Pichler,"=""9750852958""","=""9789750826061""",0,4.19,Yapı Kredi Yayınları,Paperback,229,2013.0,1959.0,2023/10/19,2023/10/13,,,read,,,,1,0,F
48575209,Doğum Lekesi,Elif Hümeyra Aydın,"Aydın, Elif Hümeyra",,"=""975995978X""","=""9789759959784""",0,3.21,Dergah Yayınları,Paperback,95,2019.0,2019.0,2023/10/13,2023/10/12,,,read,,,,1,0,F
58110378,Hakim'in Yolculuğu 3: Makedonya'dan Fransa'ya,Fabien Toulmé,"Toulmé, Fabien",Damla Kellecioğlu,"=""605748164X""","=""9786057481641""",0,4.81,Desen Yayınları,Paperback,256,2021.0,2020.0,2023/10/11,2023/10/11,,,read,,,,1,0,M
57314925,Hakim'in Yolculuğu 2: Türkiye'den Yunanistan'a,Fabien Toulmé,"Toulmé, Fabien",Damla Kellecioğlu,"=""6055678985""","=""9786055678982""",0,4.75,Desen Yayınları,Paperback,264,2021.0,2019.0,2023/10/08,2023/10/08,,,read,,,,1,0,M
12282463,Yıldızın Saati,Clarice Lispector,"Lispector, Clarice",Hamide Koyukan,"=""9755331441""","=""9789755331447""",0,4.1,İmge Kitabevi,Paperback,90,1996.0,1977.0,2023/10/07,2023/10/07,,,read,,,,1,0,F
53666252,Halas - Kurtuluş,Mehmet Rauf,"Rauf, Mehmet",Emin Nedret İşli,"=""6257070376""","=""9786257070379""",0,3.66,Türkiye İş Bankası Kültür Yayınları,Paperback,276,2020.0,,2023/09/11,2023/09/11,,,read,,,,1,0,M
149067255,Vahşi Kadınlar,Aoko Matsuda,"Matsuda, Aoko",Nilay Çalşimşek,"=""6052651520""","=""9786052651520""",0,3.77,İthaki Yayınları,Paperback,200,2023.0,2016.0,2023/08/24,2023/08/24,,,read,,,,1,0,F
11029733,İnsan Ne İle Yaşar?,Leo Tolstoy,"Tolstoy, Leo",Lev Tolstoy,"=""9944425354""","=""9789944425353""",0,3.99,Bilge Kültür Sanat,Paperback,126,2007.0,1885.0,2023/08/16,2023/08/15,,,read,,,,1,0,M
17346068,Hızlandıkça Azalıyorum,Kjersti Annesdatter Skomsvold,"Skomsvold, Kjersti Annesdatter",Deniz Canefe,"=""6058663520""","=""9786058663527""",0,3.67,Jaguar Kitap,Paperback,136,2012.0,2009.0,2023/08/13,2023/08/15,,,read,,,,1,0,F
58270647,Erkeklerden Nefret Ediyorum,Pauline Harmange,"Harmange, Pauline",Neslihan Elagöz,"=""6057462955""","=""9786057462954""",0,3.82,Mundi Kitap,Paperback,104,2021.0,2020.0,2023/08/10,2023/08/10,,,read,,,,1,0,F
42850737,Kuytu,Carys Davies,"Davies, Carys",Yasemin Akbaş,"=""6056789462""","=""9786056789465""",0,4.07,Yüz Kitap,Paperback,136,2018.0,2014.0,2023/08/10,2023/08/10,,,read,,,,1,0,F
62427558,Boş Dolaplar,Annie Ernaux,"Ernaux, Annie",Siren İdemen,"=""9750758382""","=""9789750758386""",0,3.94,Can Yayınları,Paperback,168,2022.0,1974.0,2023/08/07,2023/08/07,,,read,,,,1,0,F
27775941,Uzak Şehir,Levent Cantek,"Cantek, Levent",Berat Pekmezci,"=""9750518519""","=""9789750518515""",0,3.58,İletişim Yayıncılık,Paperback,124,2015.0,2015.0,2023/07/17,2023/07/18,,,read,,,,1,0,M
57301414,Bir Gün Kediler Dünyadan Yok Olsaydı,Genki Kawamura,"Kawamura, Genki",Deniz Topaktaş,"=""6050981531""","=""9786050981537""",0,3.79,Dex Kitap,Paperback,184,2021.0,2012.0,2023/07/17,2023/07/16,,,read,,,,1,0,M
49631694,Tayga Sendromu,Cristina Rivera Garza,"Garza, Cristina Rivera",Banu Karakaş,"=""6056962105""","=""9786056962103""",0,3.47,Yüz Kitap,Paperback,83,2019.0,2012.0,2023/06/19,2023/06/19,,,read,,,,1,0,F
59350012,Zamir,Hakan Günday,"Günday, Hakan",,"=""6258495427""","=""9786258495423""",0,3.79,Doğan Kitap,Paperback,368,2021.0,2021.0,2023/02/27,2023/06/07,,,read,,,,1,0,M
40504699,Yunan Dansçı Kız,Arthur Schnitzler,"Schnitzler, Arthur",Aydanur Çevik,"=""6059315852""","=""9786059315852""",0,3.22,Alakarga,Paperback,127,2018.0,1902.0,2023/02/27,2023/06/07,,,read,,,,1,0,M
23643466,Ufak Tefek Olaylar,Daniil Kharms,"Kharms, Daniil",Osman Çakmakçı,"=""605994910X""","=""9786059949101""",0,4.2,Encore Yayınları,Paperback,96,2014.0,1939.0,2023/01/30,2023/06/07,,,read,,,,1,0,M
31146709,Sputnik Sevgilim,Haruki Murakami,"Murakami, Haruki",Ali Volkan Erdemir,"=""6050935726""","=""9786050935721""",0,3.83,Doğan Kitap,Paperback,224,2016.0,1999.0,2023/02/27,2023/06/07,,,read,,,,1,0,M
33802270,Otel Paranoya,Hakan Bıçakcı,"Bıçakcı, Hakan",Berat Pekmezci,"=""9750521269""","=""9789750521263""",0,3.43,İletişim Yayınları,Hardcover,40,2017.0,2017.0,2023/03/30,2023/06/07,,,read,,,,1,0,M
41590091,Nohut Oda,Melisa Kesmez,"Kesmez, Melisa",,"=""9755709355""","=""9789755709352""",0,4.28,Sel Yayıncılık,Paperback,125,2018.0,2018.0,2023/02/27,2023/06/07,,,read,,,,1,0,F
17284053,Nereye Gidiyoruz Baba?,Jean-Louis Fournier,"Fournier, Jean-Louis",Aslı Genç,"=""""","=""""",0,3.92,Yapı Kredi Yayınları,Paperback,104,2009.0,2008.0,2023/01/30,2023/06/07,,,read,,,,1,0,M
58325587,Ihtizar,Mehmet Rauf,"Rauf, Mehmet",,"=""9750744721""","=""9789750744723""",0,3.12,Can Yayinlari,Paperback,173,2020.0,,2023/05/30,2023/06/07,,,read,,,,1,0,M
49680792,Hesap Lütfen,Ceylan Özge Kunduz,"Kunduz, Ceylan Özge",Elif Yirmibeşoğlu,"=""605695613X""","=""9786056956133""",0,3.71,Mundi,Paperback,152,2019.0,,2023/01/30,2023/06/07,,,read,,,,1,0,F
56126018,Hakim'in Yolculuğu 1: Suriye'den Türkiye'ye,Fabien Toulmé,"Toulmé, Fabien",Damla Kellecioğlu,"=""6055678977""","=""9786055678975""",0,4.57,Desen Yayınları,Paperback,272,2020.0,2018.0,2023/06/06,2023/06/07,,,read,,,,1,0,M
7696210,Bu Kitabı Çalın,Murat Gülsoy,"Gülsoy, Murat",,"=""9758440721""","=""9789758440726""",0,3.71,Can Yayınları,Paperback,189,2000.0,2000.0,2023/04/30,2023/06/07,,,read,,,,1,0,M
13174468,Boş Zaman,Hakan Bıçakcı,"Bıçakcı, Hakan",,"=""9750508890""","=""9789750508899""",0,3.48,İletişim Yayıncılık ,Paperback,147,2011.0,2004.0,2023/04/30,2023/06/07,,,read,,,,1,0,M
63110722,Bir Gün Bunu Konuşmayı Bırakacağız Ama Bugün Değil,Arina Obuh,"Obuh, Arina",Uğur Büke,"=""""","=""""",0,2.81,Alfa Yayınları,Paperback,218,2022.0,,2023/02/27,2023/06/07,,,read,,,,1,0,F
59590963,Bilenler İçin Zor Bir Durum,Timothy Dexter,"Dexter, Timothy",Atakan Karaduman,"=""6057400410""","=""9786057400413""",0,3.75,Altıkırkbeş Yayınları,Paperback,64,2021.0,1802.0,2023/01/30,2023/06/07,,,read,,,,1,0,M
7695430,Beş Şehir,Ahmet Hamdi Tanpınar,"Tanpınar, Ahmet Hamdi",,"=""9759952440""","=""9789759952440""",0,3.89,Dergah Yayınları,Paperback,232,2013.0,1946.0,2023/05/30,2023/06/07,,,read,,,,1,0,M
43239546,Bağlar,Domenico Starnone,"Starnone, Domenico",Meryem Mine Çilingiroğlu,"=""6056789470""","=""9786056789472""",0,3.95,Yüz Kitap,Paperback,144,2018.0,2014.0,2023/05/30,2023/06/07,,,read,,,,1,0,M
15758814,Asla Kimseyi Öldürmedi Benim Babam,Jean-Louis Fournier,"Fournier, Jean-Louis",Zafer Demez,"=""9750815556""","=""9789750815553""",0,3.94,Yapı Kredi Yayınları,Paperback,84,2009.0,1999.0,2023/01/30,2023/06/07,,,read,,,,1,0,M